,Tract.Type,n,median,mean,sd
1,Socio-Economic Change,1122,8,7.516885553,2.555339813
2,Contiguous,10268,6,6.172501219,2.745136759
3,Low Income Community,30933,5,5.268879614,2.878201756
